{"sar_images": {"min": -53.34620666503906, "max": 23.960020065307617, "var": 24.51683114622269, "mean": -14.14286470613986}, "dem_rast": {"min": 108.94499969482422, "max": 385.2330017089844, "var": 2270.558673485229, "mean": 214.88770425333337}, "temperatures": {"min": -32.970649900890535, "max": 20.966028213500977, "var": 102.330058912226, "mean": 4.177748767269503}, "snow_depths": {"min": 0.0, "max": 111.76190476190476, "var": 928.4635811753169, "mean": 22.555428972926652}, "precipitations": {"min": 0.0, "max": 63.383627573649086, "var": 18.9619796936164, "mean": 2.084388319650669}, "incidence_angles": {"min": 31.271144532987755, "max": 44.65530776977539, "var": 12.043696344548902, "mean": 38.37403001165464}, "platform_headings": {"min": -160.0955711627421, "max": -19.953393936157227, "var": 4788.812757454767, "mean": -96.51455814425996}}